-- Data prepared by Laura Petrich, llorrain@ualberta.ca
-- Some tweet text transferred from @science on twitter.com
-- Published on Feb 4, 2017

insert into users values (1,'pass', 'Ryan Nugent-Hopkins','rng@nhl.com','Edmonton',-7);
insert into users values (2,'pass', 'Jordan Eberle','jeb@nhl.com','Edmonton',-7);
insert into users values (3,'pass', 'Connor McDavid','cmc@nhl.com','Edmonton',-7);
insert into users values (4,'pass', 'Milan Lucic','mlu@nhl.com','Edmonton',-7);
insert into users values (5,'pass', 'Davood Rafiei','dr@UAwiter.com','Edmonton',-7);
insert into users values (6,'pass', 'Leon Draisaitl','ldr@nhl.com','Edmonton',-7);
insert into users values (7,'pass', 'Patrick Maroon','pma@nhl.com','Edmonton',-7);
insert into users values (8,'pass', 'Zack Kassian','zka@nhl.com','Edmonton',-7);
insert into users values (9,'pass', 'Cam Talbot','cta@nhl.com','Edmonton',-7);
insert into users values (10,'pass', 'Adam Larsoon','ala@nhl.com','Edmonton',-7);
insert into users values (11,'pass', 'Tyler Pitlick','tpi@nhl.com','Edmonton',-7);
insert into users values (12,'pass', 'Benoit Pouliot','bpo@nhl.com','Edmonton',-7);
insert into users values (13,'pass', 'Darnell Nurse','dnu@nhl.com','Edmonton',-7);
insert into users values (14,'pass', 'Matt Benning','mbe@nhl.com','Edmonton',-7);
insert into users values (15,'pass', 'Oscar Klefbom','okl@nhl.com','Edmonton',-7);
insert into users values (16,'pass', 'Mark Letestu','mle@nhl.com','Edmonton',-7);
insert into users values (17,'pass', 'Kris Russell','kru@nhl.com','Edmonton',-7);
insert into users values (18,'pass', 'Drake Caggiula','dca@nhl.com','Edmonton',-7);
insert into users values (19,'pass', 'Andrej Sekera','ase@nhl.com','Edmonton',-7);
insert into users values (20,'pass', 'Eric Gryba','egr@nhl.com','Edmonton',-7);
insert into users values (21,'pass', 'Brandon Davidson','bda@nhl.com','Edmonton',-7);
insert into users values (22,'pass', 'Andrew Ference','afe@nhl.com','Edmonton',-7);
insert into users values (23,'pass', 'Matt Hendricks','mhe@nhl.com','Edmonton',-7);
insert into users values (24,'pass', 'Laurent Brossoit','lbr@nhl.com','Edmonton',-7);
insert into users values (25,'pass', 'Jujhar Khaira','jkh@nhl.com','Edmonton',-7);
insert into users values (26,'pass', 'Anton Lander','ala@nhl.com','Edmonton',-7);
insert into users values (27,'pass', 'Anton Slepyshev','asl@nhl.com','Edmonton',-7);
insert into users values (28,'pass', 'Liro Pakarinen','lpa@nhl.com','Edmonton',-7);
insert into users values (29,'pass', 'Bradley Honeyman','bho@ualberta.ca','Edmonton',-7);
insert into users values (30,'pass', 'Dylan Alcock','dla@ualberta.ca','Edmonton',-7);
insert into users values (31,'pass', 'Evan Robertson','ero@ualberta.ca','Edmonton',-7);
insert into users values (32,'pass', 'Hanwen Yang','hya@ualberta.ca','Edmonton',-7);
insert into users values (33,'pass', 'Jeremy Ng','jng@ualberta.ca','Edmonton',-7);
insert into users values (34,'pass', 'Jonah Cowan','jco@ualberta.ca','Edmonton',-7);
insert into users values (35,'pass', 'Jorid Steadman','jst@ualberta.ca','Edmonton',-7);
insert into users values (36,'pass', 'Ken Li','kli@ualberta.ca','Edmonton',-7);
insert into users values (37,'pass', 'Laura Petrich','lpe@ualberta.ca','Edmonton',-7);
insert into users values (38,'pass', 'Margaret Orlick','mor@ualberta.ca','Edmonton',-7);
insert into users values (39,'pass', 'Omar Ahmad','oah@ualberta.ca','Edmonton',-7);
insert into users values (40,'pass', 'Punam Woosaree','pwo@ualberta.ca','Edmonton',-7);
insert into users values (41,'pass', 'Rene Sauve-Hoover','rsh@ualberta.ca','Edmonton',-7);
insert into users values (42,'pass', 'Stanislav Lebedev','sle@ualberta.ca','Edmonton',-7);
insert into users values (43,'pass', 'Storm Kaefer','ska@ualberta.ca','Edmonton',-7);
insert into users values (44,'pass', 'Thomas Shaker','tsh@ualberta.ca','Edmonton',-7);
insert into users values (45,'pass', 'Xingyuan Yang','xya@ualberta.ca','Edmonton',-7);
insert into users values (46,'pass', 'Yuandi Wu','ywu@ualberta.ca','Edmonton',-7);
insert into users values (47,'pass', 'Yunzhi Gao','yga@ualberta.ca','Edmonton',-7);
insert into users values (48,'pass', 'Abdurahman Hersi','ahe@ualberta.ca','Edmonton',-7);
insert into users values (49,'pass', 'Adil Malik','ama@ualberta.ca','Edmonton',-7);
insert into users values (50,'pass', 'Alex Ridgway','ari@ualberta.ca','Edmonton',-7);
insert into users values (51,'pass', 'Alex Gwak','agw@ualberta.ca','Edmonton',-7);
insert into users values (52,'pass', 'Alexander Ozero','aoz@ualberta.ca','Edmonton',-7);
insert into users values (53,'pass', 'Amber Wolinski','awo@ualberta.ca','Edmonton',-7);
insert into users values (54,'pass', 'Amrinder Grewal','agr@ualberta.ca','Edmonton',-7);
insert into users values (55,'pass', 'Ashley Holgate','aho@ualberta.ca','Edmonton',-7);
insert into users values (56,'pass', 'Austin Crapo','acr@ualberta.ca','Edmonton',-7);
insert into users values (57,'pass', 'Ayesha Sohail','aso@ualberta.ca','Edmonton',-7);
insert into users values (58,'pass', 'Brennan Murphy','bmu@ualberta.ca','Edmonton',-7);
insert into users values (59,'pass', 'Calvin Lee','cle@ualberta.ca','Edmonton',-7);
insert into users values (60,'pass', 'Cam McIntyre','cmi@ualberta.ca','Edmonton',-7);
insert into users values (61,'pass', 'Carolyn Binns','cbi@ualberta.ca','Edmonton',-7);
insert into users values (62,'pass', 'Cody Labrecque','cla@ualberta.ca','Edmonton',-7);
insert into users values (63,'pass', 'Colin Kushniruk','cku@ualberta.ca','Edmonton',-7);
insert into users values (64,'pass', 'Colin Choi','cch@ualberta.ca','Edmonton',-7);
insert into users values (65,'pass', 'Craig Singleton','csi@ualberta.ca','Edmonton',-7);
insert into users values (66,'pass', 'Daniel Sunderman','dsu@ualberta.ca','Edmonton',-7);
insert into users values (67,'pass', 'Denby Jorgenson','djo@ualberta.ca','Edmonton',-7);
insert into users values (68,'pass', 'Derrick Wai','dwa@ualberta.ca','Edmonton',-7);
insert into users values (69,'pass', 'Donglin Han','dha@ualberta.ca','Edmonton',-7);
insert into users values (70,'pass', 'Eddy Tang','eta@ualberta.ca','Edmonton',-7);
insert into users values (71,'pass', 'Eric Hsueh','ehs@ualberta.ca','Edmonton',-7);
insert into users values (72,'pass', 'Fady Machaalani','fma@ualberta.ca','Edmonton',-7);
insert into users values (73,'pass', 'Fanjie Shen','fsh@ualberta.ca','Edmonton',-7);
insert into users values (74,'pass', 'Fengyi Mao','mao@ualberta.ca','Edmonton',-7);
insert into users values (75,'pass', 'Hamdi Yusuf','hyu@ualberta.ca','Edmonton',-7);
insert into users values (76,'pass', 'Hao Wu','hwu@ualberta.ca','Edmonton',-7);
insert into users values (77,'pass', 'Haotian Zhu','hzh@ualberta.ca','Edmonton',-7);
insert into users values (78,'pass', 'Harjot Rai','hra@ualberta.ca','Edmonton',-7);
insert into users values (79,'pass', 'Hasan Badran','hba@ualberta.ca','Edmonton',-7);
insert into users values (80,'pass', 'Henry Truong','htr@ualberta.ca','Edmonton',-7);
insert into users values (81,'pass', 'Hong Zhou','zho@ualberta.ca','Edmonton',-7);
insert into users values (82,'pass', 'Hong Da Li','hdl@ualberta.ca','Edmonton',-7);
insert into users values (83,'pass', 'Irene Gao','iga@ualberta.ca','Edmonton',-7);
insert into users values (84,'pass', 'Iris Pan','ipa@ualberta.ca','Edmonton',-7);
insert into users values (85,'pass', 'Ivan Ma','ima@ualberta.ca','Edmonton',-7);
insert into users values (86,'pass', 'Jacob Bakker','jba@ualberta.ca','Edmonton',-7);
insert into users values (87,'pass', 'Jacob Johnson','jjo@ualberta.ca','Edmonton',-7);
insert into users values (88,'pass', 'Jacqueline Han','jha@ualberta.ca','Edmonton',-7);
insert into users values (89,'pass', 'Jacy Mark','jma@ualberta.ca','Edmonton',-7);
insert into users values (90,'pass', 'Jeffrey Routledge','jro@ualberta.ca','Edmonton',-7);
insert into users values (91,'pass', 'Jialuo Jiang','jji@ualberta.ca','Edmonton',-7);
insert into users values (92,'pass', 'Jonah Quist','jqu@ualberta.ca','Edmonton',-7);
insert into users values (93,'pass', 'Jonathan Barraclough','bar@ualberta.ca','Edmonton',-7);
insert into users values (94,'pass', 'Jorden Hansen','han@ualberta.ca','Edmonton',-7);
insert into users values (95,'pass', 'Ken Li','li@ualberta.ca','Edmonton',-7);
insert into users values (96,'pass', 'Kiefer Von Gaza','kvg@ualberta.ca','Edmonton',-7);
insert into users values (97,'pass', 'Leo Liu','lli@ualberta.ca','Edmonton',-7);
insert into users values (98,'pass', 'Long Ma','lma@ualberta.ca','Edmonton',-7);
insert into users values (99,'pass', 'Lyndon Annetts','lan@ualberta.ca','Edmonton',-7);
insert into users values (101,'pass', 'Mahmuda Sheikh','msh@ualberta.ca','Edmonton',-7);
insert into users values (102,'pass', 'Matthew Ryan','mry@ualberta.ca','Edmonton',-7);
insert into users values (103,'pass', 'Melissa Buljubasic','mbu@ualberta.ca','Edmonton',-7);
insert into users values (104,'pass', 'Micah Seneshen','mse@ualberta.ca','Edmonton',-7);
insert into users values (105,'pass', 'Micheal Nguyen','mng@ualberta.ca','Edmonton',-7);
insert into users values (106,'pass', 'Mingwei Li','mli@ualberta.ca','Edmonton',-7);
insert into users values (107,'pass', 'Noah Kryzanowski','nkr@ualberta.ca','Edmonton',-7);
insert into users values (108,'pass', 'Olivier Preston','opr@ualberta.ca','Edmonton',-7);
insert into users values (109,'pass', 'Owen McLeod','omc@ualberta.ca','St. Albert',-7);
insert into users values (110,'pass', 'Patrick Lewis','ple@ualberta.ca','Edmonton',-7);
insert into users values (111,'pass', 'Peixuan Li','pli@ualberta.ca','Edmonton',-7);
insert into users values (112,'pass', 'Peter Kenakin','pke@ualberta.ca','Edmonton',-7);
insert into users values (113,'pass', 'Ritvik Khanna','rkh@ualberta.ca','Edmonton',-7);
insert into users values (114,'pass', 'Ruojin Zuo','rzu@ualberta.ca','Edmonton',-7);
insert into users values (115,'pass', 'Ryan Perez','rpe@ualberta.ca','Edmonton',-7);
insert into users values (116,'pass', 'Seth Bergen','sbe@ualberta.ca','Edmonton',-7);
insert into users values (117,'pass', 'Sharidan Barboza','sba@ualberta.ca','Edmonton',-7);
insert into users values (118,'pass', 'Shaun Reiger','sre@ualberta.ca','Edmonton',-7);
insert into users values (119,'pass', 'Shuaiqun Pan','spa@ualberta.ca','Edmonton',-7);
insert into users values (120,'pass', 'Shuyang Li','sli@ualberta.ca','Edmonton',-7);
insert into users values (121,'pass', 'Simon Chau','sch@ualberta.ca','Edmonton',-7);
insert into users values (122,'pass', 'Steven Lu','slu@ualberta.ca','Edmonton',-7);
insert into users values (123,'pass', 'Taijie Yang','tya@ualberta.ca','Edmonton',-7);
insert into users values (124,'pass', 'Tarence Suecroft','tsu@ualberta.ca','Edmonton',-7);
insert into users values (125,'pass', 'Taylor Bos','tbo@ualberta.ca','Edmonton',-7);
insert into users values (126,'pass', 'Weihao Han','wha@ualberta.ca','Edmonton',-7);
insert into users values (127,'pass', 'William Hodgson','who@ualberta.ca','Edmonton',-7);
insert into users values (128,'pass', 'Wyatt Paraharenka','wpa@ualberta.ca','Edmonton',-7);
insert into users values (129,'pass', 'Xiaofei Gao','xga@ualberta.ca','Edmonton',-7);
insert into users values (130,'pass', 'Xin Gao','gao@ualberta.ca','Edmonton',-7);
insert into users values (131,'pass', 'Xinlei Chan','xch@ualberta.ca','Edmonton',-7);
insert into users values (132,'pass', 'Xinran Tie','xti@ualberta.ca','Edmonton',-7);
insert into users values (133,'pass', 'Xinyi Zhuang','xzh@ualberta.ca','Edmonton',-7);
insert into users values (134,'pass', 'Xuan Cao','xca@ualberta.ca','Edmonton',-7);
insert into users values (135,'pass', 'Xuanyi Wu','awu@ualberta.ca','Edmonton',-7);
insert into users values (136,'pass', 'Yi Zhang','yzh@ualberta.ca','Edmonton',-7);
insert into users values (137,'pass', 'Yichen Wen','ywe@ualberta.ca','Edmonton',-7);
insert into users values (138,'pass', 'Yu Xi','yxi@ualberta.ca','Edmonton',-7);
insert into users values (139,'pass', 'Zachary Gilchrist','zgi@ualberta.ca','Edmonton',-7);
insert into users values (140,'pass', 'Zackery Spytx','zsp@ualberta.ca','Edmonton',-7);
insert into users values (141,'pass', 'Zhi Li','zli@ualberta.ca','Edmonton',-7);
insert into users values (142,'pass', 'Zhipeng Zhang','zzh@ualberta.ca','Edmonton',-7);
insert into users values (143,'pass', 'Paul Lu','pl@UAwiter.com','Edmonton',-7);
insert into users values (144,'pass', 'Ken Wong','kw@UAwiter.com','Edmonton',-7);
insert into users values (145,'pass', 'Marianne Kerolus','mk@UAwiter.com','Edmonton',-7);
insert into users values (146,'pass', 'Janelle Harms','jh@UAwiter.com','Edmonton',-7);
insert into users values (147,'pass', 'Sadaf Ahmed','sa@UAwiter.com','Edmonton',-7);
insert into users values (148,'pass', 'Osmar Zalane','oz@UAwiter.com','Edmonton',-7);
insert into users values (149,'pass', 'Sarah Nadi','sn@UAwiter.com','Edmonton',-7);
insert into users values (150,'pass', 'Jia-Huai You','jhy@UAwiter.com','Edmonton',-7);
insert into users values (151,'pass', 'Nilanjan Ray','nr@UAwiter.com','Edmonton',-7);
insert into users values (152,'pass', 'Ryan Hayward','rh@UAwiter.com','Edmonton',-7);
insert into users values (153,'pass', 'Karim Ali','ka@UAwiter.com','Edmonton',-7);
insert into users values (154,'pass', 'Vadim Bulitko','vb@UAwiter.com','Edmonton',-7);
insert into users values (155,'pass', 'Lorna Stewart','ls@UAwiter.com','Edmonton',-7);
insert into users values (156,'pass', 'H Hoover','hh@UAwiter.com','Edmonton',-7);
insert into users values (157,'pass', 'Herbert Yang','hy@UAwiter.com','Edmonton',-7);
insert into users values (158,'pass', 'Ehab Elmallah','ee@UAwiter.com','Edmonton',-7);
insert into users values (159,'pass', 'Demian Pimentel','dp@UAwiter.com','Edmonton',-7);
insert into users values (160,'pass', 'Ioanis Nikolaidis','in@UAwiter.com','Edmonton',-7);
insert into users values (161,'pass', 'Denilson Barbosa','db@UAwiter.com','Edmonton',-7);
insert into users values (162,'pass', 'Eleni Stroulia','es@UAwiter.com','Edmonton',-7);
insert into users values (163,'pass', 'Michael Buro','mb@UAwiter.com','Edmonton',-7);
insert into users values (164,'pass', 'Abram Hindle','ah@UAwiter.com','Edmonton',-7);
insert into users values (165,'pass', 'Hong Zhang','hz@UAwiter.com','Edmonton',-7);
insert into users values (166,'pass', 'Anup Basu','ab@UAwiter.com','Edmonton',-7);
insert into users values (167,'pass', 'Martin Jagersand','mj@UAwiter.com','Edmonton',-7);
insert into users values (168,'pass', 'Dale Schuurmans','ds@UAwiter.com','Edmonton',-7);
insert into users values (187,'pass', 'Martin Mueller','mm@UAwiter.com','Edmonton',-7);
insert into users values (169,'pass', 'Russell Greiner','rg@UAwiter.com','Edmonton',-7);
insert into users values (170,'pass', 'M Salavatipour','ms@UAwiter.com','Edmonton',-7);
insert into users values (171,'pass', 'Scott Lamb','sl@pcgov.ca','Vancouver',-8);
insert into users values (172,'pass', 'Marc-Olivier Fortin','mof@pcgov.ca','Quebec',-5);
insert into users values (173,'pass', 'Leona Aglukkaq','la@pcgov.ca','Iqaluit',-5);
insert into users values (174,'pass', 'Robert Batherson','@pcgov.ca','Halifax',-4);
insert into users values (175,'pass', 'Wayne Benson','wb@pcgov.ca','Winnipeg',-6);
insert into users values (176,'pass', 'Richard Bragdon','rb@pcgov.ca','Fredericton',-4);
insert into users values (177,'pass', 'David Connelly','dc@pcgov.ca','Yellowknife',-7);
insert into users values (178,'pass', 'Chad Doerksen','cd@pcgov.ca','Regina',-6);
insert into users values (179,'pass', 'Steven Dollansky','sd@pcgov.ca','Edmonton',-7);
insert into users values (180,'pass', 'Marilyn Elliot','me@pcgov.ca','Calgary',-7);
insert into users values (181,'pass', 'Matthew John','mj@pcgov.ca','Toronto',-5);
insert into users values (182,'pass', 'Kara Johnson','kj@pcgov.ca','Toronto',-5);
insert into users values (183,'pass', 'Serge Marcotte','sm@pcgov.ca','Quebec',-5);
insert into users values (184,'pass', 'Don Nightingale','dn@pcgov.ca','Vancouver',-8);
insert into users values (185,'pass', 'Sylvia Poirier','sp@pcgov.ca','Charlotetown',-4);
insert into users values (186,'pass', 'Joe Preston','jp@pcgov.ca','Toronto',-5);
insert into users values (188,'pass', 'Karl Sullivan','ks@pcgov.ca','St. Johns',-4);
insert into users values (189,'pass', 'Jimmy Yu','jy@pcgov.ca','Quebec',-5);
insert into users values (190,'pass', 'Randy Boissonnault','rb@libgov.ca','Edmonton',-7);
insert into users values (191,'pass', 'Kent Hehr','kh@libgov.ca','Calgary',-5);
insert into users values (192,'pass', 'Hedy Fry','hf@libgov.ca','Vancouver',-8);
insert into users values (193,'pass', 'Robert Ouellette','rfo@libgov.ca','Winnipeg',-6);
insert into users values (194,'pass', 'Matt DeCourcey','md@libgov.ca','Fredericton',-4);
insert into users values (195,'pass', 'Seamus O-Regan','sr@libgov.ca','St. Johns',-4);
insert into users values (196,'pass', 'Michael McLeod','mm@libgov.ca','Yellowknife',-7);
insert into users values (197,'pass', 'Andy Fillmore','af@libgov.ca','Halifax',-4);
insert into users values (198,'pass', 'Julie Dabrusin','jd@libgov.ca','Toronto',-5);
insert into users values (199,'pass', 'Sean Casey','sc@libgov.ca','Charlotetown',-4);
insert into users values (200,'pass', 'Jean-Yves Duclos','jyd@libgov.ca','Quebec',-5);
insert into users values (201,'pass', 'Ralph Goodale','rg@libgov.ca','Regina',-6);
insert into users values (202,'pass', 'Larry Bagnell','lb@libgov.ca','Whitehorse',-8);
insert into users values (203,'pass', 'Linda Duncan','ld@ndpgov.ca','Edmonton',-7);
insert into users values (204,'pass', 'Don Davies','dd@ndpgov.ca','Vancouver',-8);
insert into users values (205,'pass', 'Niki Ashton','na@ndpgov.ca','Winnipeg',-6);
insert into users values (206,'pass', 'Charlie Angus','ca@ndpgov.ca','Toronto',-5);
insert into users values (207,'pass', 'Tom Mulcair','tm@ndpgov.ca','Quebec',-5);
insert into users values (208,'pass', 'Erin Weir','ew@ndpgov.ca','Regina',-6);
insert into users values (211,'pass', 'Justin Trudeau','tru@libpgov.ca','Ottawa',-5);


insert into follows values (1,2,'10-JAN-2015');
insert into follows values (2,1,'01-SEP-2015');
insert into follows values (59,12,'12-NOV-2014');
insert into follows values (142,1,'11-OCT-2016');
insert into follows values (66,19,'02-JUN-2015');
insert into follows values (88,17,'29-MAY-2016');
insert into follows values (73,11,'28-NOV-2014');
insert into follows values (77,141,'18-APR-2014');
insert into follows values (58,91,'01-DEC-2016');
insert into follows values (138,139,'15-FEB-2015');
insert into follows values (45,122,'24-AUG-2014');
insert into follows values (57,99,'06-MAY-2016');
insert into follows values (86,24,'19-OCT-2015');
insert into follows values (111,109,'14-MAR-2016');
insert into follows values (27,101,'26-JAN-2016');
insert into follows values (54,72,'11-JAN-2016');
insert into follows values (11,37,'15-FEB-2015');
insert into follows values (123,01,'09-OCT-2014');
insert into follows values (87,76,'24-NOV-2016');
insert into follows values (73,99,'31-DEC-2015');
insert into follows values (04,13,'06-MAR-2014');
insert into follows values (07,142,'08-APR-2016');
insert into follows values (99,111,'28-AUG-2015');
insert into follows values (83,23,'07-FEB-2014');
insert into follows values (27,46,'05-MAR-2016');
insert into follows values (76,84,'09-SEP-2015');
insert into follows values (142,51,'01-SEP-2014');
insert into follows values (133,77,'29-JUL-2016');
insert into follows values (107,43,'28-JUN-2015');
insert into follows values (65,23,'22-MAR-2014');
insert into follows values (23,57,'25-JAN-2013');
insert into follows values (58,32,'17-FEB-2012');
insert into follows values (82,78,'18-NOV-2011');
insert into follows values (16,32,'24-DEC-2013');
insert into follows values (11,107,'11-OCT-2012');
insert into follows values (18,109,'14-APR-2011');
insert into follows values (34,99,'08-MAY-2013');
insert into follows values (87,37,'14-AUG-2012');
insert into follows values (72,42,'20-DEC-2016');
insert into follows values (58,89,'23-DEC-2013');
insert into follows values (118,22,'22-JAN-2014');
insert into follows values (116,17,'27-MAR-2012');
insert into follows values (128,64,'30-JUN-2011');
insert into follows values (125,21,'28-APR-2016');
insert into follows values (110,79,'01-JUL-2013');
insert into follows values (82,44,'21-JUL-2012');
insert into follows values (90,76,'09-JUN-2015');
insert into follows values (05,42,'06-MAR-2016');
insert into follows values (50,139,'07-FEB-2013');
insert into follows values (44,126,'25-FEB-2011');
insert into follows values (55,129,'28-NOV-2014');
insert into follows values (66,77,'30-DEC-2013');
insert into follows values (77,64,'25-MAR-2012');
insert into follows values (88,16,'26-MAY-2016');
insert into follows values (99,34,'09-JUN-2013');
insert into follows values (33,68,'11-JUL-2011');
insert into follows values (22,31,'12-APR-2016');
insert into follows values (11,89,'13-AUG-2013');
insert into follows values (72,34,'14-SEP-2012');
insert into follows values (96,37,'15-OCT-2013');
insert into follows values (99,66,'16-SEP-2014');
insert into follows values (36,55,'17-OCT-2011');
insert into follows values (140,44,'18-NOV-2016');
insert into follows values (139,03,'01-DEC-2012');
insert into follows values (17,33,'22-MAR-2011');
insert into follows values (122,22,'23-MAY-2011');
insert into follows values (110,11,'24-JUN-2011');
insert into follows values (106,02,'25-NOV-2013');
insert into follows values (108,101,'26-DEC-2012');
insert into follows values (101,87,'30-JAN-2014');
insert into follows values (14,34,'27-JUN-2012');
insert into follows values (82,26,'03-OCT-2011');
insert into follows values (37,87,'04-OCT-2013');
insert into follows values (39,53,'02-SEP-2015');
insert into follows values (65,16,'28-OCT-2016');
insert into follows values (67,84,'25-DEC-2013');
insert into follows values (66,89,'08-NOV-2012');
insert into follows values (83,37,'26-JAN-2016');
insert into follows values (89,31,'11-JUL-2014');
insert into follows values (98,108,'28-AUG-2011');
insert into follows values (97,133,'27-SEP-2012');
insert into follows values (61,137,'06-MAY-2014');
insert into follows values (84,140,'01-APR-2012');
insert into follows values (15,23,'22-JUN-2015');
insert into follows values (103,26,'28-SEP-2016');
insert into follows values (2,37,'30-JAN-2014');
insert into follows values (3,37,'27-JUN-2012');
insert into follows values (4,37,'03-OCT-2011');
insert into follows values (5,37,'04-OCT-2013');
insert into follows values (6,37,'02-SEP-2015');
insert into follows values (7,37,'28-OCT-2016');
insert into follows values (8,37,'25-DEC-2013');
insert into follows values (9,37,'08-NOV-2012');
insert into follows values (10,37,'26-JAN-2016');
insert into follows values (200,137,'11-JUL-2014');
insert into follows values (12,37,'28-AUG-2011');
insert into follows values (13,37,'27-SEP-2012');
insert into follows values (14,37,'06-MAY-2014');
insert into follows values (15,37,'08-MAY-2015');
insert into follows values (16,37,'01-APR-2012');
insert into follows values (17,37,'22-JUN-2015');
insert into follows values (18,37,'28-SEP-2016');
insert into follows values (19,37,'09-OCT-2012');
insert into follows values (20,37,'09-OCT-2012');
insert into follows values (102,33,'09-OCT-2012');
insert into follows values (101,66,'19-DEC-2012');
insert into follows values (183,153,'18-JUL-2016');
insert into follows values (97,18,'12-AUG-2015');
insert into follows values (29,45,'11-SEP-2013');
insert into follows values (49,32,'18-JUN-2013');
insert into follows values (174,189,'04-JAN-2016');
insert into follows values (69,96,'07-FEB-2015');
insert into follows values (28,25,'22-MAR-2012');
insert into follows values (04,58,'29-MAY-2016');
insert into follows values (01,37,'21-JUN-2012');
insert into follows values (02,10,'11-JUL-2011');
insert into follows values (145,23,'06-MAR-2014');
insert into follows values (07,149,'08-APR-2016');
insert into follows values (70,11,'28-AUG-2015');
insert into follows values (83,156,'07-FEB-2014');
insert into follows values (169,46,'05-MAR-2016');
insert into follows values (76,144,'09-SEP-2015');
insert into follows values (143,51,'01-SEP-2014');
insert into follows values (158,77,'29-JUL-2016');
insert into follows values (70,58,'28-JUN-2015');
insert into follows values (65,144,'22-MAR-2014');
insert into follows values (148,57,'25-JAN-2013');
insert into follows values (58,165,'17-FEB-2012');
insert into follows values (166,78,'18-NOV-2011');
insert into follows values (16,152,'24-DEC-2013');
insert into follows values (70,07,'11-OCT-2012');
insert into follows values (18,161,'14-APR-2011');
insert into follows values (155,99,'08-MAY-2013');
insert into follows values (87,148,'14-AUG-2012');
insert into follows values (153,37,'17-OCT-2011');
insert into follows values (72,159,'20-DEC-2016');
insert into follows values (58,160,'23-DEC-2013');
insert into follows values (162,22,'22-JAN-2014');
insert into follows values (167,17,'27-MAR-2012');
insert into follows values (128,168,'30-JUN-2011');
insert into follows values (154,21,'28-APR-2016');
insert into follows values (155,79,'01-JUL-2013');
insert into follows values (8,17,'21-JUL-2012');
insert into follows values (168,76,'09-JUN-2015');
insert into follows values (05,160,'06-MAR-2016');
insert into follows values (161,139,'07-FEB-2013');
insert into follows values (44,158,'25-FEB-2011');
insert into follows values (159,37,'28-NOV-2014');
insert into follows values (66,152,'30-DEC-2013');
insert into follows values (153,64,'25-MAR-2012');
insert into follows values (88,149,'26-MAY-2016');
insert into follows values (148,34,'09-JUN-2013');
insert into follows values (33,147,'11-JUL-2011');
insert into follows values (147,31,'12-APR-2016');
insert into follows values (11,144,'13-AUG-2013');
insert into follows values (166,34,'14-SEP-2012');
insert into follows values (70,69,'15-OCT-2013');
insert into follows values (162,159,'16-SEP-2014');
insert into follows values (36,145,'17-OCT-2011');
insert into follows values (10,71,'19-DEC-2012');
insert into follows values (188,53,'18-JUL-2011');
insert into follows values (97,208,'12-AUG-2015');
insert into follows values (200,45,'11-SEP-2013');
insert into follows values (202,32,'18-JUN-2013');
insert into follows values (15,19,'04-JAN-2016');
insert into follows values (169,87,'07-FEB-2015');
insert into follows values (201,37,'22-MAR-2012');
insert into follows values (04,179,'29-MAY-2016');
insert into follows values (171,12,'21-JUN-2012');
insert into follows values (02,188,'11-JUL-2011');
insert into follows values (202,23,'06-MAR-2014');
insert into follows values (07,208,'08-APR-2016');
insert into follows values (196,111,'28-AUG-2015');
insert into follows values (173,156,'07-FEB-2014');
insert into follows values (169,207,'05-MAR-2016');
insert into follows values (205,144,'09-SEP-2015');
insert into follows values (143,194,'01-SEP-2014');
insert into follows values (181,77,'29-JUL-2016');
insert into follows values (17,76,'28-JUN-2015');
insert into follows values (177,144,'22-MAR-2014');
insert into follows values (148,201,'25-JAN-2013');
insert into follows values (200,37,'17-FEB-2012');
insert into follows values (166,171,'18-NOV-2011');
insert into follows values (188,152,'24-DEC-2013');
insert into follows values (17,189,'11-OCT-2012');
insert into follows values (182,161,'14-APR-2011');
insert into follows values (155,198,'08-MAY-2013');
insert into follows values (99,48,'14-AUG-2012');
insert into follows values (153,197,'17-OCT-2011');
insert into follows values (195,159,'20-DEC-2016');
insert into follows values (192,160,'23-DEC-2013');
insert into follows values (162,37,'22-JAN-2014');
insert into follows values (200,17,'27-MAR-2012');
insert into follows values (188,211,'22-JAN-2016');
insert into follows values (67,211,'27-MAR-2016');
insert into follows values (191,211,'30-JUN-2016');
insert into follows values (192,211,'28-APR-2016');
insert into follows values (193,211,'01-JUL-2016');
insert into follows values (194,211,'21-JUL-2016');
insert into follows values (195,211,'09-JUN-2016');
insert into follows values (196,211,'06-MAR-2016');
insert into follows values (197,211,'07-FEB-2016');
insert into follows values (198,211,'25-FEB-2016');
insert into follows values (19,211,'28-NOV-2016');
insert into follows values (200,211,'30-DEC-2016');
insert into follows values (201,211,'25-MAR-2016');
insert into follows values (88,211,'26-MAY-2016');
insert into follows values (99,211,'09-JUN-2016');
insert into follows values (33,211,'11-JUL-2016');
insert into follows values (22,211,'12-APR-2016');
insert into follows values (11,211,'13-AUG-2016');
insert into follows values (72,211,'14-SEP-2016');
insert into follows values (96,211,'15-OCT-2016');
insert into follows values (1,211,'10-JAN-2016');
insert into follows values (2,211,'01-SEP-2016');
insert into follows values (59,211,'12-NOV-2016');
insert into follows values (142,211,'11-OCT-2016');
insert into follows values (66,211,'02-JUN-2016');
insert into follows values (73,211,'28-NOV-2016');
insert into follows values (77,211,'18-APR-2016');
insert into follows values (58,211,'01-DEC-2016');
insert into follows values (138,211,'15-FEB-2016');
insert into follows values (45,211,'24-AUG-2016');
insert into follows values (57,211,'06-MAY-2016');
insert into follows values (86,211,'19-OCT-2016');
insert into follows values (27,211,'26-JAN-2016');
insert into follows values (54,211,'11-JAN-2016');
insert into follows values (111,211,'15-FEB-2016');
insert into follows values (123,211,'09-OCT-2016');
insert into follows values (87,211,'24-NOV-2016');
insert into follows values (147,211,'31-DEC-2016');
insert into follows values (04,211,'06-MAR-2016');
insert into follows values (07,211,'08-APR-2016');
insert into follows values (129,211,'28-AUG-2016');
insert into follows values (83,211,'07-FEB-2016');
insert into follows values (127,211,'05-MAR-2016');
insert into follows values (76,211,'09-SEP-2016');
insert into follows values (12,211,'01-SEP-2016');
insert into follows values (133,211,'29-JUL-2016');
insert into follows values (107,211,'28-JUN-2016');
insert into follows values (65,211,'22-MAR-2016');
insert into follows values (23,211,'25-JAN-2016');
insert into follows values (82,211,'18-NOV-2016');
insert into follows values (16,211,'24-DEC-2016');
insert into follows values (18,211,'14-APR-2016');
insert into follows values (34,211,'08-MAY-2016');
insert into follows values (187,211,'14-AUG-2016');
insert into follows values (94,211,'17-OCT-2016');
insert into follows values (172,211,'20-DEC-2016');
insert into follows values (158,211,'23-DEC-2016');
insert into follows values (118,211,'22-JAN-2016');
insert into follows values (116,211,'27-MAR-2016');
insert into follows values (128,211,'30-JUN-2016');
insert into follows values (125,211,'28-APR-2016');
insert into follows values (143,211,'29-OCT-2016');
insert into follows values (144,211,'12-JUN-2016');
insert into follows values (145,211,'26-MAY-2016');
insert into follows values (146,211,'21-NOV-2016');
insert into follows values (170,211,'11-APR-2016');
insert into follows values (149,211,'20-AUG-2016');
insert into follows values (150,211,'09-MAY-2016');
insert into follows values (151,211,'20-OCT-2016');
insert into follows values (152,211,'19-MAR-2016');
insert into follows values (153,211,'13-JAN-2016');
insert into follows values (154,211,'12-JAN-2016');
insert into follows values (155,211,'28-FEB-2016');
insert into follows values (156,211,'01-OCT-2016');
insert into follows values (157,211,'21-NOV-2016');
insert into follows values (159,211,'09-MAR-2016');
insert into follows values (160,211,'02-APR-2016');
insert into follows values (9,211,'17-AUG-2016');
insert into follows values (8,211,'18-FEB-2016');
insert into follows values (13,211,'25-JUL-2016');
insert into follows values (10,211,'23-JUN-2016');
insert into follows values (6,211,'20-MAR-2016');
insert into follows values (3,211,'28-JAN-2016');
insert into follows values (5,211,'11-FEB-2016');
insert into follows values (182,211,'19-NOV-2016');
insert into follows values (126,211,'24-APR-2016');
insert into follows values (211,1,'22-JAN-2016');
insert into follows values (211,2,'27-MAR-2016');
insert into follows values (211,3,'30-JUN-2016');
insert into follows values (211,206,'28-APR-2016');
insert into follows values (211,190,'01-JUL-2016');
insert into follows values (211,191,'21-JUL-2016');
insert into follows values (211,192,'09-JUN-2016');
insert into follows values (211,193,'06-MAR-2016');
insert into follows values (211,194,'07-FEB-2016');
insert into follows values (211,195,'25-FEB-2016');
insert into follows values (211,196,'28-NOV-2016');
insert into follows values (211,197,'30-DEC-2016');
insert into follows values (211,198,'25-MAR-2016');
insert into follows values (122,1,'22-FEB-2016');
insert into follows values (122,2,'27-JUN-2016');
insert into follows values (122,3,'30-JUL-2016');
insert into follows values (122,206,'28-OCT-2016');
insert into follows values (122,190,'01-DEC-2016');
insert into follows values (122,191,'21-AUG-2016');
insert into follows values (122,192,'09-SEP-2016');
insert into follows values (122,193,'06-JUN-2016');
insert into follows values (122,194,'07-MAR-2016');
insert into follows values (122,195,'25-JUN-2016');
insert into follows values (122,196,'28-DEC-2016');
insert into follows values (122,197,'30-JAN-2017');
insert into follows values (122,198,'25-AUG-2016');
insert into follows values (101,1,'28-FEB-2016');
insert into follows values (101,2,'21-JUN-2016');
insert into follows values (101,3,'14-JUL-2016');
insert into follows values (101,206,'29-OCT-2016');
insert into follows values (101,190,'05-DEC-2016');
insert into follows values (101,191,'22-AUG-2016');
insert into follows values (101,192,'10-SEP-2016');
insert into follows values (101,193,'09-JUN-2016');
insert into follows values (101,194,'18-MAR-2016');
insert into follows values (101,195,'29-JUN-2016');
insert into follows values (101,196,'29-DEC-2016');
insert into follows values (101,197,'31-JAN-2017');
insert into follows values (211,37,'01-AUG-2016');
insert into follows values (37,211,'02-MAY-2016');
insert into follows values (101,198,'26-AUG-2016');
insert into follows values (111,3,'29-MAY-2016');
insert into follows values (112,3,'21-JUN-2012');
insert into follows values (113,3,'11-JUL-2011');
insert into follows values (114,3,'06-MAR-2014');
insert into follows values (115,3,'08-APR-2016');
insert into follows values (116,3,'28-AUG-2015');
insert into follows values (117,3,'07-FEB-2014');
insert into follows values (118,3,'05-MAR-2016');
insert into follows values (119,3,'09-SEP-2015');
insert into follows values (120,3,'01-SEP-2014');
insert into follows values (121,3,'29-JUL-2016');
insert into follows values (145,3,'28-JUN-2015');
insert into follows values (123,3,'22-MAR-2014');
insert into follows values (124,3,'25-JAN-2013');
insert into follows values (125,3,'17-FEB-2012');
insert into follows values (125,118,'17-FEB-2012');
insert into follows values (126,3,'18-NOV-2011');
insert into follows values (127,3,'24-DEC-2013');
insert into follows values (128,3,'11-OCT-2012');
insert into follows values (129,3,'14-APR-2011');
insert into follows values (130,3,'08-MAY-2013');
insert into follows values (131,3,'14-AUG-2012');
insert into follows values (132,3,'17-OCT-2011');
insert into follows values (133,3,'20-DEC-2016');
insert into follows values (134,3,'23-DEC-2013');

insert into tweets values (1,1,'01-JAN-2017','Looking for a good book to read. Just finished lone #survivor', null);
insert into tweets values (2,2,'12-JAN-2017','#Edmonton #Oilers had a good game last night.',null);
insert into tweets values (3,29,'02-FEB-2017','GO #Edmonton #Oilers GO!',null);
insert into tweets values (4,138,'19-JAN-2017','The lights on campus are beautiful at night #UofA #Edmonton ',null);
insert into tweets values (5,37,'01-FEB-2017','Striving for ultimate simplicity results in intolerable complexity #JohnCook',null);
insert into tweets values (6,200,'02-FEB-2017','Looks like we are in for an early spring! #groundhog #2017',null);
insert into tweets values (7,211,'01-FEB-2017','Great news - Bill C-309 is headed to committee. #Canada',null);
insert into tweets values (8,199,'31-JAN-2017','Congrats, Dr.Bondar, on the 25th anniversary of the STS-042 #space mission.',null);
insert into tweets values (9,37,'27-JAN-2017','Corn diet turning wild hamsters into cannibals that devour their young #science',null);
insert into tweets values (10,211,'23-JAN-2017','Worlds largest collection of bananas is expanding to include potatoes. #banana' ,null);
insert into tweets values (11,37,'19-JAN-2017','Ants rely on the sun and their memories when walking backwards. #science',null);
insert into tweets values (12,111,'17-JAN-2017','Rain expected at Trumps inauguration; SS has banned umbrellas #weather' ,null);
insert into tweets values (13,112,'17-JAN-2017','Better bring your #poncho ',12);
insert into tweets values (14,55,'28-JAN-2017','Not the cute cuddly hamsters! #scary',9);
insert into tweets values (15,01,'05-JAN-2015','Today is National Bird Day! #tweettweet',null);
insert into tweets values (16,18,'04-MAR-2014','Feral cats cover over 99.8% of Australia according to some scientists. #science',null);
insert into tweets values (17,188,'19-JUN-2015','Estimated dinosaur eggs took 3 to 6 months to hatch #dinosaurs #science',null);
insert into tweets values (18,211,'31-DEC-2016','Leap Second makes 2016 one second longer. #happyNY #science',null);
insert into tweets values (19,3,'1-DEC-2016','AI system creates Christmas song from image of Christmas tree #merryxmas',null);
insert into tweets values (20,122,'2-DEC-2016','Science is awesome!',19);
insert into tweets values (21,112,'3-DEC-2016','Robot rock',19);
insert into tweets values (22,116,'1-DEC-2016','Merry Christmas!',19);
insert into tweets values (23,117,'2-DEC-2016','Time to decorate the tree!',19);
insert into tweets values (24,37,'27-NOV-2016','Common swift can fly for nearly ten consecutive months without landing #science',null);
insert into tweets values (25,5,'10-OCT-2016','MIT Engineers developing beaver-inspired wetsuits. #science',null);
insert into tweets values (26,11,'27-SEP-2016','Arthropod ancestor had mouth like Sarlacc from Star Wars #science #starwars',null);
insert into tweets values (27,37,'12-SEP-2016','Astronomers discover 63 unknown quasars from ancient universe #science #space',null);
insert into tweets values (28,37,'28-AUG-2016','Dragonfly 44 galaxy consists almost entirely of dark matter #science #space',null);
insert into tweets values (29,211,'20-JUL-2016','Potentially habitable rocky worlds orbiting ultracool dwarf star #space',null);
insert into tweets values (30,37,'20-JUL-2016','Hello new world! #science',29);
insert into tweets values (31,1,'28-JUN-2016','First species of giant centipede that walk underwater discovered #gross',null);
insert into tweets values (32,3,'27-JUN-2016','Foul-mouthed parrot may be used in murder trail.',null);
insert into tweets values (33,37,'27-MAY-2016','Kepler-62f might be able to sustain life #helloworld #science #space',null);
insert into tweets values (34,7,'27-MAY-2016','Hello new world!',33);
insert into tweets values (35,8,'28-MAY-2016','A new Earth?',33);
insert into tweets values (36,11,'28-MAY-2016','Life as we know it!',33);
insert into tweets values (37,20,'27-MAY-2016','Now we just need to get there.',33);
insert into tweets values (38,13,'28-MAY-2016','Rocket man…',33);
insert into tweets values (39,4,'28-MAY-2016','The possibilities are endless!',33);
insert into tweets values (40,2,'27-MAY-2016','One giant leap for mankind.',33);
insert into tweets values (41,211,'27-MAY-2016','Hello world! #space',33);
insert into tweets values (42,3,'27-APR-2016','New weevil named after Chewbacca. #starwars #science',null);
insert into tweets values (43,37,'27-APR-2016','Aaaaaaaaaaaaaaaarrrgh! Grrf. #starwars',42);
insert into tweets values (44,7,'6-MAR-2016','Hubble Telescope measured the farthest galaxy ever seen, galaxy GN-x11 #space',null);
insert into tweets values (45,8,'6-MAR-2016','NASA! Whoop whoop!',44);
insert into tweets values (46,37,'16-FEB-2016','Antarctic tardigrades revived after frozen for over 30 years#science #tardigrade',null);
insert into tweets values (47,211,'16-FEB-2016','My favorite species! #tardigrade',46);
insert into tweets values (48,118,'25-JAN-2016','Dandelions use latex to protect roots from hungry insect larvae. #science',null);
insert into tweets values (49,125,'16-FEB-2016','No wonder they are so difficult to get rid of!',48);

insert into hashtags values ('helloworld');
insert into hashtags values ('oilers');
insert into hashtags values ('poncho');
insert into hashtags values ('tardigrade');
insert into hashtags values ('gross');
insert into hashtags values ('survivor');
insert into hashtags values ('edmonton');
insert into hashtags values ('uofa');
insert into hashtags values ('johncook');
insert into hashtags values ('groundhog');
insert into hashtags values ('2017');
insert into hashtags values ('canada');
insert into hashtags values ('space');
insert into hashtags values ('science');
insert into hashtags values ('banana');
insert into hashtags values ('weather');
insert into hashtags values ('scary');
insert into hashtags values ('tweettweet');
insert into hashtags values ('dinosaurs');
insert into hashtags values ('merryxmas');
insert into hashtags values ('starwars');

insert into mentions values (1,'survivor');
insert into mentions values (2,'edmonton');
insert into mentions values (2,'oilers');
insert into mentions values (3,'edmonton');
insert into mentions values (3,'oilers');
insert into mentions values (4,'uofa');
insert into mentions values (4,'edmonton');
insert into mentions values (5,'johncook');
insert into mentions values (6,'groundhog');
insert into mentions values (6,'2017');
insert into mentions values (7,'canada');
insert into mentions values (8,'space');
insert into mentions values (9,'science');
insert into mentions values (10,'banana');
insert into mentions values (11,'science');
insert into mentions values (12,'weather');
insert into mentions values (13,'poncho');
insert into mentions values (14,'scary');
insert into mentions values (15,'tweettweet');
insert into mentions values (16,'science');
insert into mentions values (17,'dinosaurs');
insert into mentions values (17,'science');
insert into mentions values (18,'science');
insert into mentions values (19,'merryxmas');
insert into mentions values (24,'science');
insert into mentions values (25,'science');
insert into mentions values (26,'science');
insert into mentions values (26,'starwars');
insert into mentions values (27,'science');
insert into mentions values (27,'space');
insert into mentions values (28,'science');
insert into mentions values (28,'space');
insert into mentions values (29,'space');
insert into mentions values (30,'science');
insert into mentions values (31,'gross');
insert into mentions values (33,'space');
insert into mentions values (33,'science');
insert into mentions values (33,'helloworld');
insert into mentions values (41,'space');
insert into mentions values (42,'starwars');
insert into mentions values (42,'science');
insert into mentions values (43,'starwars');
insert into mentions values (44,'space');
insert into mentions values (46,'science');
insert into mentions values (46,'tardigrade');
insert into mentions values (47,'tardigrade');
insert into mentions values (48,'science');


insert into retweets values (125,48,'25-JAN-2016');
insert into retweets values (1,46,'16-FEB-2016');
insert into retweets values (2,46,'16-FEB-2016');
insert into retweets values (11,46,'16-FEB-2016');
insert into retweets values (12,46,'16-FEB-2016');
insert into retweets values (13,46,'16-FEB-2016');
insert into retweets values (14,46,'16-FEB-2016');
insert into retweets values (15,46,'16-FEB-2016');
insert into retweets values (16,46,'16-FEB-2016');
insert into retweets values (17,46,'16-FEB-2016');
insert into retweets values (118,47,'16-FEB-2016');
insert into retweets values (116,47,'16-FEB-2016');
insert into retweets values (125,47,'16-FEB-2016');
insert into retweets values (177,47,'16-FEB-2016');
insert into retweets values (184,47,'16-FEB-2016');
insert into retweets values (189,47,'16-FEB-2016');
insert into retweets values (190,47,'16-FEB-2016');
insert into retweets values (112,47,'16-FEB-2016');
insert into retweets values (154,47,'16-FEB-2016');
insert into retweets values (166,47,'16-FEB-2016');
insert into retweets values (113,47,'16-FEB-2016');
insert into retweets values (183,47,'16-FEB-2016');
insert into retweets values (1,43,'27-APR-2016');
insert into retweets values (13,43,'27-APR-2016');
insert into retweets values (18,43,'27-APR-2016');
insert into retweets values (11,43,'27-APR-2016');
insert into retweets values (2,43,'27-APR-2016');
insert into retweets values (3,43,'28-APR-2016');
insert into retweets values (6,43,'27-APR-2016');
insert into retweets values (9,43,'28-APR-2016');
insert into retweets values (14,43,'27-APR-2016');
insert into retweets values (5,41,'28-MAY-2016');
insert into retweets values (5,2,'14-JAN-2017');
insert into retweets values (03,5,'02-FEB-2017');
insert into retweets values (188,6,'03-FEB-2017');
insert into retweets values (133,10,'24-JAN-2017');
insert into retweets values (37,29,'20-JUL-2016');
insert into retweets values (99,10,'23-JAN-2017');
insert into retweets values (11,10,'24-JAN-2017');
insert into retweets values (162,11,'20-JAN-2017');
insert into retweets values (3,9,'27-JAN-2017');
insert into retweets values (211,12,'17-JAN-2017');
insert into retweets values (193,17,'20-JUN-2015');
insert into retweets values (37,17,'20-JUN-2015');
insert into retweets values (1,18,'31-DEC-2016');
insert into retweets values (99,18,'31-DEC-2016');
insert into retweets values (06,18,'31-DEC-2016');
insert into retweets values (208,18,'31-DEC-2016');
insert into retweets values (200,18,'31-DEC-2016');
insert into retweets values (58,18,'31-DEC-2016');
insert into retweets values (70,18,'31-DEC-2016');
insert into retweets values (40,18,'31-DEC-2016');
insert into retweets values (33,18,'31-DEC-2016');
insert into retweets values (201,18,'31-DEC-2016');
insert into retweets values (09,18,'31-DEC-2016');
insert into retweets values (90,18,'31-DEC-2016');
insert into retweets values (80,18,'31-DEC-2016');
insert into retweets values (38,18,'31-DEC-2016');
insert into retweets values (118,18,'31-DEC-2016');
insert into retweets values (127,18,'31-DEC-2016');
insert into retweets values (173,18,'31-DEC-2016');
insert into retweets values (144,18,'31-DEC-2016');
insert into retweets values (192,18,'31-DEC-2016');
insert into retweets values (188,18,'31-DEC-2016');
insert into retweets values (67,18,'31-DEC-2016');
insert into retweets values (198,18,'31-DEC-2016');
insert into retweets values (1,9,'28-JAN-2017');
insert into retweets values (2,9,'28-JAN-2017');
insert into retweets values (4,9,'28-JAN-2017');
insert into retweets values (5,9,'28-JAN-2017');
insert into retweets values (6,9,'28-JAN-2017');
insert into retweets values (7,9,'28-JAN-2017');
insert into retweets values (8,9,'28-JAN-2017');
insert into retweets values (9,9,'28-JAN-2017');
insert into retweets values (10,9,'28-JAN-2017');
insert into retweets values (11,9,'28-JAN-2017');
insert into retweets values (12,9,'28-JAN-2017');
insert into retweets values (13,9,'28-JAN-2017');
insert into retweets values (14,9,'28-JAN-2017');
insert into retweets values (15,9,'28-JAN-2017');
insert into retweets values (16,9,'28-JAN-2017');
insert into retweets values (17,9,'28-JAN-2017');
insert into retweets values (18,9,'28-JAN-2017');
insert into retweets values (19,9,'28-JAN-2017');
insert into retweets values (20,9,'28-JAN-2017');
insert into retweets values (131,19,'2-DEC-2016');
insert into retweets values (111,19,'2-DEC-2016');
insert into retweets values (112,19,'1-DEC-2016');
insert into retweets values (113,19,'1-DEC-2016');
insert into retweets values (114,19,'3-DEC-2016');
insert into retweets values (115,19,'1-DEC-2016');
insert into retweets values (116,19,'1-DEC-2016');
insert into retweets values (117,19,'4-DEC-2016');
insert into retweets values (118,19,'1-DEC-2016');
insert into retweets values (119,19,'1-DEC-2016');
insert into retweets values (120,19,'5-DEC-2016');
insert into retweets values (121,19,'1-DEC-2016');
insert into retweets values (122,19,'2-DEC-2016');
insert into retweets values (123,19,'1-DEC-2016');
insert into retweets values (124,19,'3-DEC-2016');
insert into retweets values (125,19,'1-DEC-2016');
insert into retweets values (126,19,'4-DEC-2016');
insert into retweets values (127,19,'1-DEC-2016');
insert into retweets values (128,19,'2-DEC-2016');
insert into retweets values (129,19,'2-DEC-2016');
insert into retweets values (130,19,'2-DEC-2016');
insert into retweets values (6,25,'10-OCT-2016');
insert into retweets values (12,28,'28-AUG-2016');
insert into retweets values (13,28,'28-AUG-2016');
insert into retweets values (14,28,'28-AUG-2016');
insert into retweets values (15,28,'28-AUG-2016');
insert into retweets values (16,28,'28-AUG-2016');
insert into retweets values (17,28,'28-AUG-2016');
insert into retweets values (18,28,'28-AUG-2016');
insert into retweets values (19,28,'28-AUG-2016');
insert into retweets values (20,28,'28-AUG-2016');
insert into retweets values (21,28,'28-AUG-2016');
insert into retweets values (22,28,'28-AUG-2016');

insert into lists values ('nhl players',5);
insert into lists values ('291 students',37);
insert into lists values ('cmput profs',37);
insert into lists values ('pc',5);
insert into lists values ('liberal',5);
insert into lists values ('ndp',5);
insert into lists values ('ilovescience',5);

insert into includes values ('ilovescience',10);
insert into includes values ('ilovescience',11);
insert into includes values ('ilovescience',12);
insert into includes values ('ilovescience',13);
insert into includes values ('ilovescience',14);
insert into includes values ('ilovescience',15);
insert into includes values ('ilovescience',16);
insert into includes values ('ilovescience',17);
insert into includes values ('ilovescience',18);
insert into includes values ('ilovescience',19);
insert into includes values ('ilovescience',20);
insert into includes values ('ilovescience',21);
insert into includes values ('ilovescience',22);
insert into includes values ('ilovescience',23);
insert into includes values ('ilovescience',24);
insert into includes values ('ilovescience',25);
insert into includes values ('ilovescience',26);
insert into includes values ('ilovescience',211);
insert into includes values ('nhl players',1);
insert into includes values ('nhl players',2);
insert into includes values ('nhl players',3);
insert into includes values ('nhl players',4);
insert into includes values ('nhl players',6);
insert into includes values ('nhl players',7);
insert into includes values ('nhl players',8);
insert into includes values ('nhl players',9);
insert into includes values ('nhl players',10);
insert into includes values ('nhl players',11);
insert into includes values ('nhl players',12);
insert into includes values ('nhl players',13);
insert into includes values ('nhl players',14);
insert into includes values ('nhl players',15);
insert into includes values ('nhl players',16);
insert into includes values ('nhl players',17);
insert into includes values ('nhl players',18);
insert into includes values ('nhl players',19);
insert into includes values ('nhl players',20);
insert into includes values ('nhl players',21);
insert into includes values ('nhl players',22);
insert into includes values ('nhl players',23);
insert into includes values ('nhl players',24);
insert into includes values ('nhl players',25);
insert into includes values ('nhl players',26);
insert into includes values ('nhl players',27);
insert into includes values ('nhl players',28);
insert into includes values ('291 students',29);
insert into includes values ('291 students',30);
insert into includes values ('291 students',31);
insert into includes values ('291 students',32);
insert into includes values ('291 students',33);
insert into includes values ('291 students',34);
insert into includes values ('291 students',35);
insert into includes values ('291 students',36);
insert into includes values ('291 students',37);
insert into includes values ('291 students',38);
insert into includes values ('291 students',39);
insert into includes values ('291 students',40);
insert into includes values ('291 students',41);
insert into includes values ('291 students',42);
insert into includes values ('291 students',43);
insert into includes values ('291 students',44);
insert into includes values ('291 students',45);
insert into includes values ('291 students',46);
insert into includes values ('291 students',47);
insert into includes values ('291 students',48);
insert into includes values ('291 students',49);
insert into includes values ('291 students',50);
insert into includes values ('291 students',51);
insert into includes values ('291 students',52);
insert into includes values ('291 students',53);
insert into includes values ('291 students',54);
insert into includes values ('291 students',55);
insert into includes values ('291 students',56);
insert into includes values ('291 students',57);
insert into includes values ('291 students',58);
insert into includes values ('291 students',59);
insert into includes values ('291 students',60);
insert into includes values ('291 students',61);
insert into includes values ('291 students',62);
insert into includes values ('291 students',63);
insert into includes values ('291 students',64);
insert into includes values ('291 students',65);
insert into includes values ('291 students',66);
insert into includes values ('291 students',67);
insert into includes values ('291 students',68);
insert into includes values ('291 students',69);
insert into includes values ('291 students',70);
insert into includes values ('291 students',71);
insert into includes values ('291 students',72);
insert into includes values ('291 students',73);
insert into includes values ('291 students',74);
insert into includes values ('291 students',75);
insert into includes values ('291 students',76);
insert into includes values ('291 students',77);
insert into includes values ('291 students',78);
insert into includes values ('291 students',79);
insert into includes values ('291 students',80);
insert into includes values ('291 students',81);
insert into includes values ('291 students',82);
insert into includes values ('291 students',83);
insert into includes values ('291 students',84);
insert into includes values ('291 students',85);
insert into includes values ('291 students',86);
insert into includes values ('291 students',87);
insert into includes values ('291 students',88);
insert into includes values ('291 students',89);
insert into includes values ('291 students',90);
insert into includes values ('291 students',91);
insert into includes values ('291 students',92);
insert into includes values ('291 students',93);
insert into includes values ('291 students',94);
insert into includes values ('291 students',95);
insert into includes values ('291 students',96);
insert into includes values ('291 students',97);
insert into includes values ('291 students',98);
insert into includes values ('291 students',99);
insert into includes values ('291 students',101);
insert into includes values ('291 students',102);
insert into includes values ('291 students',103);
insert into includes values ('291 students',104);
insert into includes values ('291 students',105);
insert into includes values ('291 students',106);
insert into includes values ('291 students',107);
insert into includes values ('291 students',108);
insert into includes values ('291 students',109);
insert into includes values ('291 students',111);
insert into includes values ('291 students',112);
insert into includes values ('291 students',113);
insert into includes values ('291 students',114);
insert into includes values ('291 students',115);
insert into includes values ('291 students',116);
insert into includes values ('291 students',117);
insert into includes values ('291 students',118);
insert into includes values ('291 students',119);
insert into includes values ('291 students',120);
insert into includes values ('291 students',121);
insert into includes values ('291 students',122);
insert into includes values ('291 students',123);
insert into includes values ('291 students',124);
insert into includes values ('291 students',125);
insert into includes values ('291 students',126);
insert into includes values ('291 students',127);
insert into includes values ('291 students',128);
insert into includes values ('291 students',129);
insert into includes values ('291 students',130);
insert into includes values ('291 students',131);
insert into includes values ('291 students',132);
insert into includes values ('291 students',133);
insert into includes values ('291 students',134);
insert into includes values ('291 students',135);
insert into includes values ('291 students',136);
insert into includes values ('291 students',137);
insert into includes values ('291 students',138);
insert into includes values ('291 students',139);
insert into includes values ('291 students',140);
insert into includes values ('291 students',141);
insert into includes values ('291 students',142);
insert into includes values ('cmput profs',5);
insert into includes values ('cmput profs',143);
insert into includes values ('cmput profs',144);
insert into includes values ('cmput profs',145);
insert into includes values ('cmput profs',146);
insert into includes values ('cmput profs',147);
insert into includes values ('cmput profs',148);
insert into includes values ('cmput profs',149);
insert into includes values ('cmput profs',150);
insert into includes values ('cmput profs',151);
insert into includes values ('cmput profs',152);
insert into includes values ('cmput profs',153);
insert into includes values ('cmput profs',154);
insert into includes values ('cmput profs',155);
insert into includes values ('cmput profs',156);
insert into includes values ('cmput profs',157);
insert into includes values ('cmput profs',158);
insert into includes values ('cmput profs',159);
insert into includes values ('cmput profs',160);
insert into includes values ('cmput profs',161);
insert into includes values ('cmput profs',162);
insert into includes values ('cmput profs',163);
insert into includes values ('cmput profs',164);
insert into includes values ('cmput profs',165);
insert into includes values ('cmput profs',166);
insert into includes values ('cmput profs',167);
insert into includes values ('cmput profs',168);
insert into includes values ('cmput profs',169);
insert into includes values ('cmput profs',170);
insert into includes values ('pc',171);
insert into includes values ('pc',172);
insert into includes values ('pc',173);
insert into includes values ('pc',174);
insert into includes values ('pc',175);
insert into includes values ('pc',176);
insert into includes values ('pc',177);
insert into includes values ('pc',178);
insert into includes values ('pc',179);
insert into includes values ('pc',180);
insert into includes values ('pc',181);
insert into includes values ('pc',182);
insert into includes values ('pc',183);
insert into includes values ('pc',184);
insert into includes values ('pc',185);
insert into includes values ('pc',186);
insert into includes values ('pc',187);
insert into includes values ('pc',188);
insert into includes values ('pc',189);
insert into includes values ('liberal',190);
insert into includes values ('liberal',191);
insert into includes values ('liberal',192);
insert into includes values ('liberal',193);
insert into includes values ('liberal',194);
insert into includes values ('liberal',195);
insert into includes values ('liberal',196);
insert into includes values ('liberal',197);
insert into includes values ('liberal',198);
insert into includes values ('liberal',199);
insert into includes values ('liberal',200);
insert into includes values ('liberal',201);
insert into includes values ('liberal',202);
insert into includes values ('ndp',203);
insert into includes values ('ndp',204);
insert into includes values ('ndp',205);
insert into includes values ('ndp',206);
insert into includes values ('ndp',207);
insert into includes values ('ndp',208);
